{
  "source": "sports-reference historical NCAA tournament games",
  "seasons": [
    2010,
    2011,
    2012,
    2013,
    2014,
    2015,
    2016,
    2017,
    2018,
    2019,
    2021,
    2022,
    2023,
    2024,
    2025
  ],
  "validation_seasons": [
    2023,
    2024,
    2025
  ],
  "feature_names": [
    "seed_gap",
    "scoring_margin_gap",
    "win_pct_gap",
    "fg_pct_gap",
    "three_pt_pct_gap",
    "ft_pct_gap",
    "reb_pg_gap",
    "ast_pg_gap",
    "tov_pg_gap",
    "ast_to_ratio_gap",
    "srs_gap",
    "sos_gap",
    "pace_gap",
    "off_rtg_gap",
    "ts_pct_gap",
    "trb_pct_gap",
    "ast_pct_gap",
    "efg_pct_gap",
    "tov_pct_rate_gap",
    "orb_pct_gap"
  ],
  "intercept": 2.45637732661044e-18,
  "coefficients": {
    "seed_gap": -0.7762127728365801,
    "scoring_margin_gap": 0.13889726080002945,
    "win_pct_gap": 1.0408019546114666,
    "fg_pct_gap": 0.004919691131506714,
    "three_pt_pct_gap": 0.012110329438626664,
    "ft_pct_gap": 0.07439090651808138,
    "reb_pg_gap": -0.10155733825245002,
    "ast_pg_gap": 0.08169888932667956,
    "tov_pg_gap": -0.0006882546434675957,
    "ast_to_ratio_gap": 0.007292667937572132,
    "srs_gap": 0.8738296840555657,
    "sos_gap": 1.221809636971687,
    "pace_gap": -0.13315781279753564,
    "off_rtg_gap": -0.06749598674172522,
    "ts_pct_gap": -0.1064983821471264,
    "trb_pct_gap": -0.1510794699608098,
    "ast_pct_gap": -0.2729469056056993,
    "efg_pct_gap": 0.12003205353777814,
    "tov_pct_rate_gap": 0.033402070005278915,
    "orb_pct_gap": 0.18585255150269767
  },
  "means": {
    "seed_gap": 0.0,
    "scoring_margin_gap": 0.0,
    "win_pct_gap": 0.0,
    "fg_pct_gap": 0.0,
    "three_pt_pct_gap": 0.0,
    "ft_pct_gap": 0.0,
    "reb_pg_gap": 0.0,
    "ast_pg_gap": 0.0,
    "tov_pg_gap": 0.0,
    "ast_to_ratio_gap": 0.0,
    "srs_gap": 0.0,
    "sos_gap": 0.0,
    "pace_gap": 0.0,
    "off_rtg_gap": 0.0,
    "ts_pct_gap": 0.0,
    "trb_pct_gap": 0.0,
    "ast_pct_gap": 0.0,
    "efg_pct_gap": 0.0,
    "tov_pct_rate_gap": 0.0,
    "orb_pct_gap": 0.0
  },
  "stds": {
    "seed_gap": 7.873276085113488,
    "scoring_margin_gap": 6.585151605688904,
    "win_pct_gap": 14.506642480475557,
    "fg_pct_gap": 3.317454711347811,
    "three_pt_pct_gap": 3.725499562614004,
    "ft_pct_gap": 4.742466227132562,
    "reb_pg_gap": 3.495901458949874,
    "ast_pg_gap": 2.574231966226693,
    "tov_pg_gap": 2.009969498916091,
    "ast_to_ratio_gap": 0.3096772856845497,
    "srs_gap": 12.023186924256855,
    "sos_gap": 7.923624936749862,
    "pace_gap": 3.888839541991245,
    "off_rtg_gap": 7.264874361462565,
    "ts_pct_gap": 3.613362595223213,
    "trb_pct_gap": 3.344048930898099,
    "ast_pct_gap": 7.107196403437114,
    "efg_pct_gap": 3.974074111640892,
    "tov_pct_rate_gap": 2.2225390654760653,
    "orb_pct_gap": 5.605302044629147
  },
  "train_log_loss": 0.46339126978577505,
  "validation_log_loss": 0.4977891003102651,
  "validation_accuracy": 0.7532467532467533,
  "regularization": 0.01,
  "training_rows": 1562
}
